cod_disc,peso_p1,peso_p2,peso_p3,peso_p4,peso_t1,peso_t2,peso_t3,peso_t4
ECM225,0.12,0.12,0.18,0.18,0.20,0.20,0.0,0.0
ECM245,0.24,0.36,0.0,0.0,0.2,0.2,0.0,0.0
ECM251,0.12,0.12,0.18,0.18,0.2,0.2,0.0,0.0
ECM253,0.12,0.12,0.18,0.18,0.2,0.2,0.0,0.0
ECM304,0.35,0.35,0.0,0.0,0.15,0.15,0.0,0.0
ECM305,0.35,0.35,0.0,0.0,0.15,0.15,0.0,0.0
ECM306,0.14,0.14,0.21,0.21,0.15,0.15,0.0,0.0
ECM307,0.3,0.3,0.0,0.0,0.4,0.0,0.0,0.0
EFB803,0.24,0.36,0.0,0.0,0.24,0.16,0.0,0.0
EFB109,0.16,0.16,0.24,0.24,0.05,0.05,0.05,0.05
ETE103,0.28,0.42,0.0,0.0,0.25,0.05,0.0,0.0